{
    "xmatch": 27.586206896551722,
    "xmatch-top3": 34.48275862068966,
    "xmatch-top5": 34.48275862068966,
    "xmatch-top10": 41.37931034482759,
    "xmatch-top100": 41.37931034482759,
    "bleu": 100.2280941758993,
    "bleu-max": 180.2079062548713,
    "bleu-min": 38.909772791279856,
    "bleu-avg": 101.81047703818582,
    "code-bleu": 120.21874743687225,
    "code-bleu-max": 230.1836441615346,
    "code-bleu-min": 45.413623200653845,
    "code-bleu-avg": 122.31332376223513,
    "edit-sim": 223.51724137931035,
    "edit-sim-max": 326.0344827586207,
    "edit-sim-min": 120.44827586206897,
    "edit-sim-avg": 225.5137931034483,
    "rouge-p": 188.53142983064197,
    "rouge-p-max": 346.7611546949569,
    "rouge-p-min": 61.727344536583416,
    "rouge-p-avg": 194.62580775515397,
    "rouge-r": 310.4832346934941,
    "rouge-r-max": 423.79590037378006,
    "rouge-r-min": 135.703264417634,
    "rouge-r-avg": 300.0469759532427,
    "rouge-f": 211.98963658775665,
    "rouge-f-max": 338.845055849362,
    "rouge-f-min": 79.21592379662842,
    "rouge-f-avg": 211.51519406752234
}